Date,Timestamp, Ticker,  Message ,  Price , % of Vol , Block Type , Value , SecurityType, Industry, Sector,  30DayAverage , Float, EarningsDate
11/15/2019,2:58:06 PM,XBI," 131,300 ", $84.72 ,3%,DARK ISOAA,$11.0M,ETF/Fund,ETFs,Miscellaneous," 4,287,309 ",45,N/A
11/15/2019,4:00:06 PM,XBI," 100,000 ", $84.79 ,2%,DARK BLOCK,$8.4M,ETF/Fund,ETFs,Miscellaneous," 4,287,309 ",45,N/A
11/15/2019,4:00:06 PM,XLB," 300,000 ", $60.36 ,6%,DARK BLOCK,$18.0M,ETF/Fund,ETFs,Miscellaneous," 4,998,921 ",61,N/A
11/15/2019,4:11:15 PM,XLC," 300,000 ", $51.99 ,12%,DARK BLOCK,$15.0M,ETF/Fund,,," 2,526,457 ",125,N/A
11/15/2019,4:11:11 PM,XLC," 200,000 ", $51.99 ,8%,DARK BLOCK,$10.0M,ETF/Fund,,," 2,526,457 ",125,N/A
11/15/2019,5:43:05 PM,XLE," 724,743 ", $60.08 ,5%,DARK BLOCK,$43.0M,ETF/Fund,ETFs,Miscellaneous," 13,670,371 ",177,20060516
11/15/2019,4:11:04 PM,XLE," 100,000 ", $60.10 ,1%,DARK BLOCK,$6.0M,ETF/Fund,ETFs,Miscellaneous," 13,670,371 ",177,20060516
11/15/2019,4:26:58 PM,XLF," 700,000 ", $29.75 ,2%,DARK BLOCK,$20.0M,ETF/Fund,ETFs,Miscellaneous," 45,544,109 ",831,20060516
11/15/2019,5:27:31 PM,XLF," 174,355 ", $29.75 ,0%,DARK BLOCK,$5.1M,ETF/Fund,ETFs,Miscellaneous," 45,544,109 ",831,20060516
11/15/2019,9:34:51 AM,XLK," 100,000 ", $86.94 ,1%,DARK BLOCK,$8.6M,ETF/Fund,ETFs,Miscellaneous," 9,117,977 ",282,20060516
11/15/2019,4:00:06 PM,XLP," 500,000 ", $61.33 ,5%,DARK BLOCK,$30.0M,ETF/Fund,ETFs,Miscellaneous," 10,436,634 ",215,N/A
11/15/2019,4:11:23 PM,XLP," 228,294 ", $61.35 ,2%,DARK BLOCK,$14.0M,ETF/Fund,ETFs,Miscellaneous," 10,436,634 ",215,N/A
11/15/2019,12:09:53 PM,XLP," 197,934 ", $61.20 ,2%,DARK ISOBB,$12.0M,ETF/Fund,ETFs,Miscellaneous," 10,436,634 ",215,N/A
11/15/2019,5:40:21 PM,XLU," 261,332 ", $62.85 ,2%,DARK BLOCK,$16.0M,ETF/Fund,ETFs,Miscellaneous," 16,328,206 ",183,20060516
11/15/2019,4:00:06 PM,XLU," 100,000 ", $62.85 ,1%,DARK BLOCK,$6.2M,ETF/Fund,ETFs,Miscellaneous," 16,328,206 ",183,20060516
11/15/2019,4:21:10 PM,XLV," 569,191 ", $97.46 ,6%,DARK AVGPRC,$55.0M,ETF/Fund,ETFs,Miscellaneous," 8,910,610 ",191,20060516
11/15/2019,9:47:37 AM,XLV," 167,815 ", $96.08 ,2%,DARK ISOAADay,$16.0M,ETF/Fund,ETFs,Miscellaneous," 8,910,610 ",191,20060516
11/15/2019,5:29:29 PM,XLV," 130,000 ", $97.46 ,1%,DARK BLOCK,$12.0M,ETF/Fund,ETFs,Miscellaneous," 8,910,610 ",191,20060516
11/15/2019,5:43:05 PM,XLV," 110,600 ", $97.46 ,1%,DARK BLOCK,$10.0M,ETF/Fund,ETFs,Miscellaneous," 8,910,610 ",191,20060516
11/15/2019,5:41:21 PM,XLY," 148,336 ", $121.37 ,5%,DARK BLOCK,$18.0M,ETF/Fund,ETFs,Miscellaneous," 2,755,745 ",119,20061114
11/15/2019,11:16:29 AM,XME," 630,000 ", $27.06 ,31%,DARK AVGPRC,$17.0M,ETF/Fund,ETFs,Miscellaneous," 2,049,296 ",16,N/A
11/15/2019,4:00:06 PM,XOP," 500,000 ", $21.96 ,2%,DARK BLOCK,$10.0M,ETF/Fund,ETFs,Miscellaneous," 26,645,551 ",85,N/A
,,,,,,,,,,,,,
11/15/2019,9:46:03 AM,ACWI," 1,077,142 ", $77.14 ,54%,DARK ISOBB,$83.0M,ETF/Fund,ETFs,Miscellaneous," 2,011,903 ",141,N/A
11/15/2019,10:37:43 AM,ACWI," 136,183 ", $77.20 ,7%,DARK ISOAA,$10.0M,ETF/Fund,ETFs,Miscellaneous," 2,011,903 ",141,N/A
11/15/2019,4:00:18 PM,ACWX," 795,000 ", $48.16 ,71%,DARK BLOCK,$38.0M,ETF/Fund,ETFs,Miscellaneous," 1,114,567 ",85,N/A
11/15/2019,2:51:58 PM,ACWX," 120,809 ", $48.12 ,11%,DARK ISO,$5.8M,ETF/Fund,ETFs,Miscellaneous," 1,114,567 ",85,N/A
11/15/2019,5:13:50 PM,AGG," 500,000 ", $112.41 ,17%,DARK BLOCK,$56.0M,ETF/Fund,ETFs,Miscellaneous," 2,959,950 ",586,N/A
11/15/2019,5:54:49 PM,AGG," 500,000 ", $112.41 ,17%,DARK BLOCK,$56.0M,ETF/Fund,ETFs,Miscellaneous," 2,959,950 ",586,N/A
11/15/2019,4:00:10 PM,AGG," 158,426 ", $112.41 ,5%,DARK BLOCK,$17.0M,ETF/Fund,ETFs,Miscellaneous," 2,959,950 ",586,N/A
11/15/2019,5:42:08 PM,AGG," 135,361 ", $112.41 ,5%,DARK BLOCK,$15.0M,ETF/Fund,ETFs,Miscellaneous," 2,959,950 ",586,N/A
11/15/2019,11:28:57 AM,AGGY," 343,392 ", $52.09 ,152%,DARK ISO,$17.0M,ETF/Fund,ETFs,Miscellaneous," 225,439 ",19,N/A
11/15/2019,11:16:28 AM,BIL," 1,085,295 ", $91.50 ,70%,DARK BLOCK,$99.0M,ETF/Fund,ETFs,Miscellaneous," 1,546,355 ",91,N/A
11/15/2019,1:34:59 PM,BIL," 319,220 ", $91.51 ,21%,DARK BLOCK,$29.0M,ETF/Fund,ETFs,Miscellaneous," 1,546,355 ",91,N/A
11/15/2019,10:05:51 AM,BIV," 218,700 ", $87.38 ,31%,DARK BLOCK,$19.0M,ETF/Fund,ETFs,Miscellaneous," 707,357 ",147,20041115
11/15/2019,2:29:26 PM,BND," 255,636 ", $83.83 ,9%,DARK ISOBB,$21.0M,ETF/Fund,ETFs,Miscellaneous," 2,929,705 ",538,20010402
11/15/2019,10:34:57 AM,BSCM," 646,400 ", $21.50 ,280%,DARK BLOCK,$13.0M,ETF/Fund,ETFs,Miscellaneous," 230,600 ",68,N/A
11/15/2019,4:26:59 PM,DBC," 2,000,000 ", $15.58 ,182%,DARK BLOCK,$31.0M,ETF/Fund,ETFs,Miscellaneous," 1,097,690 ",88,N/A
11/15/2019,11:21:11 AM,DGRW," 302,148 ", $47.42 ,132%,DARK BLOCK,$14.0M,ETF/Fund,ETFs,Miscellaneous," 229,348 ",65,N/A
11/15/2019,11:22:26 AM,DLS," 204,350 ", $67.91 ,366%,DARK ISOBB,$13.0M,ETF/Fund,ETFs,Miscellaneous," 55,770 ",24,N/A
11/15/2019,10:32:40 AM,DRSK," 250,856 ", $27.42 ,1289%,DARK BLOCK,$6.8M,ETF/Fund,,," 19,461 ",5,N/A
11/15/2019,1:11:23 PM,EEM," 2,000,000 ", $43.20 ,3%,BLOCK,$86.0M,ETF/Fund,ETFs,Miscellaneous," 57,269,430 ",623,N/A
11/15/2019,1:51:39 PM,EEM," 2,000,000 ", $43.20 ,3%,BLOCK,$86.0M,ETF/Fund,ETFs,Miscellaneous," 57,269,430 ",623,N/A
11/15/2019,1:28:12 PM,EEM," 1,650,000 ", $43.20 ,3%,BLOCK,$71.0M,ETF/Fund,ETFs,Miscellaneous," 57,269,430 ",623,N/A
11/15/2019,9:33:24 AM,EEM," 1,150,000 ", $43.08 ,2%,BLOCK,$49.0M,ETF/Fund,ETFs,Miscellaneous," 57,269,430 ",623,N/A
11/15/2019,1:13:06 PM,EEM," 1,000,000 ", $43.20 ,2%,BLOCK,$43.0M,ETF/Fund,ETFs,Miscellaneous," 57,269,430 ",623,N/A
11/15/2019,2:04:09 PM,EEM," 904,000 ", $43.17 ,2%,BLOCK,$39.0M,ETF/Fund,ETFs,Miscellaneous," 57,269,430 ",623,N/A
11/15/2019,10:05:49 AM,EEM," 900,000 ", $43.05 ,2%,DARK BLOCK,$38.0M,ETF/Fund,ETFs,Miscellaneous," 57,269,430 ",623,N/A
11/15/2019,11:41:23 AM,EEM," 750,000 ", $43.20 ,1%,DARK ISO,$32.0M,ETF/Fund,ETFs,Miscellaneous," 57,269,430 ",623,N/A
11/15/2019,2:40:53 PM,EEM," 500,000 ", $43.18 ,1%,DARK BLOCK,$21.0M,ETF/Fund,ETFs,Miscellaneous," 57,269,430 ",623,N/A
11/15/2019,5:14:22 PM,EEM," 348,392 ", $43.13 ,1%,DARK BLOCK,$15.0M,ETF/Fund,ETFs,Miscellaneous," 57,269,430 ",623,N/A
11/15/2019,5:16:06 PM,EEM," 331,100 ", $43.13 ,1%,DARK BLOCK,$14.0M,ETF/Fund,ETFs,Miscellaneous," 57,269,430 ",623,N/A
11/15/2019,11:09:12 AM,EEM," 293,141 ", $43.18 ,1%,DARK BLOCK,$12.0M,ETF/Fund,ETFs,Miscellaneous," 57,269,430 ",623,N/A
11/15/2019,1:22:24 PM,EEM," 250,000 ", $43.20 ,0%,BLOCK,$10.0M,ETF/Fund,ETFs,Miscellaneous," 57,269,430 ",623,N/A
11/15/2019,1:57:23 PM,EEM," 250,000 ", $43.18 ,0%,BLOCK,$10.0M,ETF/Fund,ETFs,Miscellaneous," 57,269,430 ",623,N/A
11/15/2019,11:00:49 AM,EEM," 225,000 ", $43.16 ,0%,BLOCK,$9.7M,ETF/Fund,ETFs,Miscellaneous," 57,269,430 ",623,N/A
11/15/2019,4:00:07 PM,EEM," 212,415 ", $43.13 ,0%,DARK BLOCK,$9.1M,ETF/Fund,ETFs,Miscellaneous," 57,269,430 ",623,N/A
11/15/2019,12:29:57 PM,EEM," 185,000 ", $43.21 ,0%,DARK BLOCK,$7.9M,ETF/Fund,ETFs,Miscellaneous," 57,269,430 ",623,N/A
11/15/2019,5:42:14 PM,EEM," 177,122 ", $43.13 ,0%,DARK AVGPRC,$7.6M,ETF/Fund,ETFs,Miscellaneous," 57,269,430 ",623,N/A
11/15/2019,10:12:10 AM,EEM," 150,000 ", $43.10 ,0%,DARK BLOCK,$6.4M,ETF/Fund,ETFs,Miscellaneous," 57,269,430 ",623,N/A
11/15/2019,10:16:40 AM,EEM," 150,000 ", $43.08 ,0%,DARK BLOCK,$6.4M,ETF/Fund,ETFs,Miscellaneous," 57,269,430 ",623,N/A
11/15/2019,10:16:46 AM,EEM," 150,000 ", $43.08 ,0%,DARK BLOCK,$6.4M,ETF/Fund,ETFs,Miscellaneous," 57,269,430 ",623,N/A
11/15/2019,5:42:15 PM,EFA," 745,378 ", $68.32 ,4%,DARK BLOCK,$50.0M,ETF/Fund,ETFs,Miscellaneous," 21,175,859 ",906,N/A
11/15/2019,5:17:02 PM,EFA," 509,000 ", $68.32 ,2%,DARK BLOCK,$34.0M,ETF/Fund,ETFs,Miscellaneous," 21,175,859 ",906,N/A
11/15/2019,10:01:05 AM,EFA," 470,000 ", $68.05 ,2%,BLOCK,$31.0M,ETF/Fund,ETFs,Miscellaneous," 21,175,859 ",906,N/A
11/15/2019,3:05:26 PM,EFA," 430,000 ", $68.24 ,2%,BLOCK,$29.0M,ETF/Fund,ETFs,Miscellaneous," 21,175,859 ",906,N/A
11/15/2019,9:55:15 AM,EFA," 405,000 ", $68.12 ,2%,BLOCK,$27.0M,ETF/Fund,ETFs,Miscellaneous," 21,175,859 ",906,N/A
11/15/2019,9:57:17 AM,EFA," 405,000 ", $68.12 ,2%,BLOCK,$27.0M,ETF/Fund,ETFs,Miscellaneous," 21,175,859 ",906,N/A
11/15/2019,12:50:06 PM,EFA," 340,000 ", $68.25 ,2%,BLOCK,$23.0M,ETF/Fund,ETFs,Miscellaneous," 21,175,859 ",906,N/A
11/15/2019,12:36:39 PM,EFA," 198,400 ", $68.24 ,1%,BLOCK,$13.0M,ETF/Fund,ETFs,Miscellaneous," 21,175,859 ",906,N/A
11/15/2019,2:36:25 PM,EFA," 150,000 ", $68.23 ,1%,DARK ISO,$10.0M,ETF/Fund,ETFs,Miscellaneous," 21,175,859 ",906,N/A
11/15/2019,3:07:34 PM,EFA," 150,000 ", $68.26 ,1%,DARK ISO,$10.0M,ETF/Fund,ETFs,Miscellaneous," 21,175,859 ",906,N/A
11/15/2019,12:17:28 PM,EMB," 145,712 ", $112.59 ,5%,DARK BLOCK,$16.0M,ETF/Fund,ETFs,Miscellaneous," 3,078,857 ",132,N/A
11/15/2019,12:30:06 PM,EMLC," 389,300 ", $33.31 ,23%,DARK ISOAADay,$12.0M,ETF/Fund,ETFs,Miscellaneous," 1,711,543 ",147,N/A
11/15/2019,10:44:30 AM,EMLC," 344,750 ", $33.26 ,20%,DARK BLOCK,$11.0M,ETF/Fund,ETFs,Miscellaneous," 1,711,543 ",147,N/A
11/15/2019,11:27:39 AM,EMLC," 287,700 ", $33.30 ,17%,DARK ISOAADay,$9.5M,ETF/Fund,ETFs,Miscellaneous," 1,711,543 ",147,N/A
11/15/2019,10:34:20 AM,EMLC," 236,863 ", $33.25 ,14%,DARK ISO,$7.8M,ETF/Fund,ETFs,Miscellaneous," 1,711,543 ",147,N/A
11/15/2019,4:08:15 PM,EWJ," 420,000 ", $59.70 ,6%,DARK AVGPRC,$25.0M,ETF/Fund,ETFs,Miscellaneous," 6,569,040 ",228,N/A
11/15/2019,10:48:59 AM,EWJ," 380,234 ", $59.68 ,6%,DARK BLOCK,$22.0M,ETF/Fund,ETFs,Miscellaneous," 6,569,040 ",228,N/A
11/15/2019,10:09:58 AM,EWT," 251,762 ", $39.69 ,7%,DARK ISOBB,$9.9M,ETF/Fund,ETFs,Miscellaneous," 3,708,695 ",80,N/A
11/15/2019,12:08:24 PM,EWT," 202,500 ", $39.81 ,5%,DARK ISOAA,$8.0M,ETF/Fund,ETFs,Miscellaneous," 3,708,695 ",80,N/A
11/15/2019,12:00:24 PM,EWT," 153,336 ", $39.79 ,4%,DARK ISO,$6.1M,ETF/Fund,ETFs,Miscellaneous," 3,708,695 ",80,N/A
11/15/2019,11:19:37 AM,EWU," 190,000 ", $32.59 ,6%,DARK BLOCK,$6.1M,ETF/Fund,ETFs,Miscellaneous," 3,239,463 ",74,N/A
11/15/2019,10:11:00 AM,EWY," 161,080 ", $61.48 ,5%,DARK ISOAA,$9.9M,ETF/Fund,ETFs,Miscellaneous," 3,209,148 ",72,N/A
11/15/2019,12:09:44 PM,EWY," 152,720 ", $61.62 ,5%,DARK ISOAA,$9.4M,ETF/Fund,ETFs,Miscellaneous," 3,209,148 ",72,N/A
11/15/2019,1:09:30 PM,EWZ," 1,050,000 ", $43.12 ,4%,BLOCK,$45.0M,ETF/Fund,ETFs,Miscellaneous," 25,825,717 ",206,N/A
11/15/2019,11:22:38 AM,EWZ," 714,800 ", $43.03 ,3%,DARK BLOCK,$30.0M,ETF/Fund,ETFs,Miscellaneous," 25,825,717 ",206,N/A
11/15/2019,9:47:55 AM,EWZ," 460,366 ", $43.03 ,2%,DARK AVGPRC,$19.0M,ETF/Fund,ETFs,Miscellaneous," 25,825,717 ",206,N/A
11/15/2019,9:34:23 AM,EWZ," 283,953 ", $42.92 ,1%,DARK ISOBB,$12.0M,ETF/Fund,ETFs,Miscellaneous," 25,825,717 ",206,N/A
11/15/2019,9:54:06 AM,EWZ," 275,000 ", $42.93 ,1%,BLOCK,$11.0M,ETF/Fund,ETFs,Miscellaneous," 25,825,717 ",206,N/A
11/15/2019,12:51:03 PM,EWZ," 250,000 ", $43.11 ,1%,BLOCK,$10.0M,ETF/Fund,ETFs,Miscellaneous," 25,825,717 ",206,N/A
11/15/2019,4:18:58 PM,EWZ," 210,000 ", $43.11 ,1%,DARK AVGPRC,$9.0M,ETF/Fund,ETFs,Miscellaneous," 25,825,717 ",206,N/A
11/15/2019,3:03:13 PM,EWZ," 120,000 ", $43.09 ,0%,BLOCK,$5.1M,ETF/Fund,ETFs,Miscellaneous," 25,825,717 ",206,N/A
11/15/2019,10:50:11 AM,EZU," 571,499 ", $40.96 ,12%,DARK ISO,$23.0M,ETF/Fund,ETFs,Miscellaneous," 4,945,989 ",151,N/A
11/15/2019,4:26:59 PM,FEZ," 348,300 ", $39.92 ,15%,DARK BLOCK,$13.0M,ETF/Fund,ETFs,Miscellaneous," 2,263,593 ",54,N/A
11/15/2019,2:01:31 PM,FLOT," 299,384 ", $50.95 ,26%,DARK BLOCK,$15.0M,ETF/Fund,ETFs,Miscellaneous," 1,159,795 ",195,N/A
11/15/2019,11:30:13 AM,FLRN," 573,721 ", $30.75 ,53%,DARK ISOAADay,$17.0M,ETF/Fund,ETFs,Miscellaneous," 1,092,109 ",118,N/A
11/15/2019,4:10:32 PM,FLRN," 304,743 ", $30.75 ,28%,DARK BLOCK,$9.3M,ETF/Fund,ETFs,Miscellaneous," 1,092,109 ",118,N/A
11/15/2019,10:45:40 AM,FLTR," 260,939 ", $25.32 ,261%,DARK ISOAADay,$6.6M,ETF/Fund,ETFs,Miscellaneous," 99,797 ",19,N/A
11/15/2019,1:35:26 PM,FNDX," 120,700 ", $41.65 ,32%,DARK BLOCK,$5.0M,ETF/Fund,,," 374,546 ",140,N/A
11/15/2019,3:08:18 PM,FTVA," 230,665 ", $27.59 ,586%,DARK ISOBB,$6.3M,ETF/Fund,,," 39,330 ",2,N/A
11/15/2019,11:44:51 AM,FXG," 266,525 ", $48.56 ,356%,DARK BLOCK,$12.0M,ETF/Fund,ETFs,Miscellaneous," 74,789 ",7,N/A
11/15/2019,11:45:05 AM,FXH," 189,010 ", $80.12 ,257%,DARK ISOBB,$15.0M,ETF/Fund,ETFs,Miscellaneous," 73,574 ",13,N/A
11/15/2019,12:30:47 PM,FXI," 1,350,000 ", $41.14 ,6%,BLOCK,$55.0M,ETF/Fund,ETFs,Miscellaneous," 24,357,209 ",106,N/A
11/15/2019,4:26:59 PM,FXI," 1,053,000 ", $41.13 ,4%,DARK BLOCK,$43.0M,ETF/Fund,ETFs,Miscellaneous," 24,357,209 ",106,N/A
11/15/2019,10:09:22 AM,FXI," 1,000,000 ", $41.04 ,4%,BLOCK,$41.0M,ETF/Fund,ETFs,Miscellaneous," 24,357,209 ",106,N/A
11/15/2019,11:03:32 AM,FXI," 600,000 ", $41.04 ,2%,BLOCK,$24.0M,ETF/Fund,ETFs,Miscellaneous," 24,357,209 ",106,N/A
11/15/2019,2:34:04 PM,FXI," 600,000 ", $41.12 ,2%,BLOCK,$24.0M,ETF/Fund,ETFs,Miscellaneous," 24,357,209 ",106,N/A
11/15/2019,1:23:31 PM,FXI," 560,700 ", $41.16 ,2%,DARK ISOAA,$23.0M,ETF/Fund,ETFs,Miscellaneous," 24,357,209 ",106,N/A
11/15/2019,9:38:39 AM,FXI," 395,581 ", $41.04 ,2%,DARK BLOCK,$16.0M,ETF/Fund,ETFs,Miscellaneous," 24,357,209 ",106,N/A
11/15/2019,4:20:34 PM,FXI," 336,000 ", $43.13 ,1%,DARK BLOCK,$14.0M,ETF/Fund,ETFs,Miscellaneous," 24,357,209 ",106,N/A
11/15/2019,10:54:53 AM,FXI," 142,500 ", $41.20 ,1%,BLOCK,$5.8M,ETF/Fund,ETFs,Miscellaneous," 24,357,209 ",106,N/A
11/15/2019,11:44:03 AM,FXL," 198,521 ", $70.10 ,127%,DARK ISOAADay,$13.0M,ETF/Fund,ETFs,Miscellaneous," 155,787 ",32,N/A
11/15/2019,11:44:37 AM,FXO," 373,940 ", $32.80 ,179%,DARK ISOBB,$12.0M,ETF/Fund,ETFs,Miscellaneous," 208,624 ",58,N/A
11/15/2019,2:28:45 PM,GBIL," 212,511 ", $100.36 ,107%,DARK ISO,$21.0M,ETF/Fund,,," 197,777 ",33,N/A
11/15/2019,4:11:44 PM,GDX," 5,360,960 ", $26.74 ,10%,DARK BLOCK,$143.0M,ETF/Fund,ETFs,Miscellaneous," 54,066,336 ",431,N/A
11/15/2019,4:56:16 PM,GDX," 5,360,960 ", $26.74 ,10%,DARK BLOCK,$143.0M,ETF/Fund,ETFs,Miscellaneous," 54,066,336 ",431,N/A
11/15/2019,4:25:42 PM,GLD," 1,085,446 ", $138.19 ,14%,DARK AVGPRC,$149.0M,ETF/Fund,ETFs,Miscellaneous," 7,545,095 ",312,N/A
11/15/2019,4:26:27 PM,GLD," 1,085,446 ", $138.18 ,14%,DARK AVGPRC,$149.0M,ETF/Fund,ETFs,Miscellaneous," 7,545,095 ",312,N/A
11/15/2019,5:22:38 PM,GLD," 550,000 ", $138.21 ,7%,DARK BLOCK,$76.0M,ETF/Fund,ETFs,Miscellaneous," 7,545,095 ",312,N/A
11/15/2019,11:50:25 AM,GLD," 400,000 ", $138.04 ,5%,DARK BLOCK,$55.0M,ETF/Fund,ETFs,Miscellaneous," 7,545,095 ",312,N/A
11/15/2019,1:39:40 PM,GLD," 243,745 ", $138.31 ,3%,DARK AVGPRC,$33.0M,ETF/Fund,ETFs,Miscellaneous," 7,545,095 ",312,N/A
11/15/2019,1:03:23 PM,GLD," 159,222 ", $138.26 ,2%,DARK BLOCK,$22.0M,ETF/Fund,ETFs,Miscellaneous," 7,545,095 ",312,N/A
11/15/2019,4:26:59 PM,GLD," 150,000 ", $138.21 ,2%,DARK BLOCK,$20.0M,ETF/Fund,ETFs,Miscellaneous," 7,545,095 ",312,N/A
11/15/2019,1:23:14 PM,GLD," 132,685 ", $138.26 ,2%,DARK BLOCK,$18.0M,ETF/Fund,ETFs,Miscellaneous," 7,545,095 ",312,N/A
11/15/2019,1:47:41 PM,GLD," 106,149 ", $137.97 ,1%,DARK BLOCK,$14.0M,ETF/Fund,ETFs,Miscellaneous," 7,545,095 ",312,N/A
11/15/2019,1:16:06 PM,GLD," 106,148 ", $137.97 ,1%,DARK BLOCK,$14.0M,ETF/Fund,ETFs,Miscellaneous," 7,545,095 ",312,N/A
11/15/2019,2:08:56 PM,GOVT," 2,933,508 ", $26.03 ,75%,DARK BLOCK,$76.0M,ETF/Fund,ETFs,Miscellaneous," 3,922,731 ",572,N/A
11/15/2019,5:40:33 PM,HYG," 1,132,004 ", $86.94 ,7%,DARK BLOCK,$98.0M,ETF/Fund,ETFs,Miscellaneous," 15,366,729 ",220,N/A
11/15/2019,4:00:07 PM,HYG," 1,000,000 ", $86.94 ,7%,DARK BLOCK,$86.0M,ETF/Fund,ETFs,Miscellaneous," 15,366,729 ",220,N/A
11/15/2019,4:00:07 PM,HYG," 505,273 ", $86.94 ,3%,DARK BLOCK,$43.0M,ETF/Fund,ETFs,Miscellaneous," 15,366,729 ",220,N/A
11/15/2019,1:38:56 PM,HYG," 390,000 ", $86.92 ,3%,DARK BLOCK,$33.0M,ETF/Fund,ETFs,Miscellaneous," 15,366,729 ",220,N/A
11/15/2019,10:35:19 AM,HYG," 372,700 ", $86.90 ,2%,DARK ISOBB,$32.0M,ETF/Fund,ETFs,Miscellaneous," 15,366,729 ",220,N/A
11/15/2019,4:01:30 PM,HYG," 288,000 ", $86.93 ,2%,DARK BLOCK,$25.0M,ETF/Fund,ETFs,Miscellaneous," 15,366,729 ",220,N/A
11/15/2019,11:38:03 AM,HYG," 219,000 ", $86.95 ,1%,DARK BLOCK,$19.0M,ETF/Fund,ETFs,Miscellaneous," 15,366,729 ",220,N/A
11/15/2019,5:25:18 PM,HYG," 150,600 ", $86.94 ,1%,DARK BLOCK,$13.0M,ETF/Fund,ETFs,Miscellaneous," 15,366,729 ",220,N/A
11/15/2019,11:47:26 AM,HYG," 138,000 ", $86.94 ,1%,DARK BLOCK,$11.0M,ETF/Fund,ETFs,Miscellaneous," 15,366,729 ",220,N/A
11/15/2019,4:09:41 PM,HYMB," 100,000 ", $58.82 ,62%,DARK BLOCK,$5.8M,ETF/Fund,ETFs,Miscellaneous," 161,640 ",16,N/A
11/15/2019,3:30:18 PM,IAU," 604,935 ", $14.03 ,4%,DARK BLOCK,$8.4M,ETF/Fund,,," 16,860,455 ",1202,N/A
11/15/2019,11:07:22 AM,IBB," 200,000 ", $111.08 ,10%,DARK ISOAA,$22.0M,ETF/Fund,ETFs,Miscellaneous," 2,101,476 ",64,N/A
11/15/2019,1:33:04 PM,IBND," 373,194 ", $33.48 ,769%,DARK ISOBBDay,$12.0M,ETF/Fund,ETFs,Miscellaneous," 48,537 ",5,N/A
11/15/2019,12:29:15 PM,IEFA," 399,972 ", $64.09 ,5%,DARK ISO,$25.0M,ETF/Fund,ETFs,Miscellaneous," 7,770,350 ",1074,N/A
11/15/2019,9:37:29 AM,IEFA," 100,000 ", $63.92 ,1%,DARK BLOCK,$6.3M,ETF/Fund,ETFs,Miscellaneous," 7,770,350 ",1074,N/A
11/15/2019,12:23:55 PM,IEMG," 2,734,461 ", $51.93 ,21%,DARK ISO,$142.0M,ETF/Fund,,," 12,864,261 ",1098,N/A
11/15/2019,4:26:59 PM,IEMG," 1,000,000 ", $51.82 ,8%,DARK BLOCK,$51.0M,ETF/Fund,,," 12,864,261 ",1098,N/A
11/15/2019,12:06:24 PM,IEMG," 898,215 ", $51.91 ,7%,DARK ISOAA,$46.0M,ETF/Fund,,," 12,864,261 ",1098,N/A
11/15/2019,9:44:44 AM,IEMG," 780,000 ", $51.84 ,6%,DARK BLOCK,$40.0M,ETF/Fund,,," 12,864,261 ",1098,N/A
11/15/2019,3:47:26 PM,IEMG," 689,775 ", $51.81 ,5%,DARK BLOCK,$35.0M,ETF/Fund,,," 12,864,261 ",1098,N/A
11/15/2019,10:34:55 AM,IEMG," 177,598 ", $51.85 ,1%,DARK BLOCK,$9.2M,ETF/Fund,,," 12,864,261 ",1098,N/A
11/15/2019,4:10:32 PM,IGHG," 184,412 ", $75.60 ,859%,DARK BLOCK,$13.0M,ETF/Fund,,," 21,474 ",3,N/A
11/15/2019,12:10:20 PM,IGIB," 113,445 ", $57.80 ,13%,DARK BLOCK,$6.5M,ETF/Fund,ETFs,Miscellaneous," 869,050 ",154,N/A
11/15/2019,4:10:22 PM,IJR," 150,000 ", $80.89 ,6%,DARK BLOCK,$12.0M,ETF/Fund,ETFs,Miscellaneous," 2,659,433 ",564,N/A
11/15/2019,9:45:55 AM,IJR," 116,705 ", $80.94 ,4%,DARK BLOCK,$9.4M,ETF/Fund,ETFs,Miscellaneous," 2,659,433 ",564,N/A
11/15/2019,12:13:18 PM,IJR," 113,727 ", $80.86 ,4%,DARK ISOAA,$9.1M,ETF/Fund,ETFs,Miscellaneous," 2,659,433 ",564,N/A
11/15/2019,11:21:12 AM,IJR," 113,666 ", $80.77 ,4%,DARK ISOAA,$9.1M,ETF/Fund,ETFs,Miscellaneous," 2,659,433 ",564,N/A
11/15/2019,11:46:34 AM,ILF," 157,381 ", $32.39 ,11%,DARK BLOCK,$5.0M,ETF/Fund,ETFs,Miscellaneous," 1,409,095 ",54,N/A
11/15/2019,11:53:01 AM,INDA," 265,722 ", $34.21 ,7%,DARK ISO,$9.0M,ETF/Fund,ETFs,Miscellaneous," 3,926,010 ",152,N/A
11/15/2019,1:43:15 PM,ITM," 340,094 ", $50.01 ,260%,DARK ISOBB,$17.0M,ETF/Fund,ETFs,Miscellaneous," 130,680 ",37,N/A
11/15/2019,2:23:24 PM,ITOT," 106,348 ", $70.36 ,8%,DARK BLOCK,$7.4M,ETF/Fund,ETFs,Miscellaneous," 1,322,249 ",348,N/A
11/15/2019,9:38:48 AM,IVV," 660,000 ", $312.13 ,21%,DARK ISOBB,$206.0M,ETF/Fund,ETFs,Miscellaneous," 3,112,235 ",626,N/A
11/15/2019,12:31:39 PM,IVV," 311,584 ", $313.11 ,10%,DARK BLOCK,$97.0M,ETF/Fund,ETFs,Miscellaneous," 3,112,235 ",626,N/A
11/15/2019,9:59:12 AM,IVV," 200,000 ", $312.08 ,6%,DARK BLOCK,$62.0M,ETF/Fund,ETFs,Miscellaneous," 3,112,235 ",626,N/A
11/15/2019,2:27:59 PM,IWB," 140,027 ", $172.67 ,16%,DARK ISOAA,$24.0M,ETF/Fund,ETFs,Miscellaneous," 857,057 ",123,N/A
11/15/2019,9:46:02 AM,IWD," 110,248 ", $133.25 ,6%,DARK ISOBB,$14.0M,ETF/Fund,ETFs,Miscellaneous," 1,698,055 ",309,N/A
11/15/2019,10:00:28 AM,JPST," 405,135 ", $50.47 ,21%,DARK BLOCK,$20.0M,ETF/Fund,,," 1,974,679 ",194,N/A
11/15/2019,1:18:38 PM,JPST," 147,798 ", $50.49 ,7%,DARK BLOCK,$7.4M,ETF/Fund,,," 1,974,679 ",194,N/A
11/15/2019,10:00:47 AM,JPST," 109,682 ", $50.47 ,6%,DARK BLOCK,$5.5M,ETF/Fund,,," 1,974,679 ",194,N/A
11/15/2019,4:00:07 PM,KRE," 150,000 ", $55.98 ,3%,DARK BLOCK,$8.3M,ETF/Fund,ETFs,Miscellaneous," 5,443,293 ",36,N/A
11/15/2019,12:46:40 PM,LMBS," 461,135 ", $51.88 ,93%,DARK ISOBBDay,$23.0M,ETF/Fund,,," 493,562 ",72,N/A
11/15/2019,11:30:57 AM,LQD," 250,000 ", $126.82 ,3%,DARK ISO,$31.0M,ETF/Fund,ETFs,Miscellaneous," 8,937,482 ",275,N/A
11/15/2019,11:22:17 AM,LQD," 150,000 ", $126.87 ,2%,DARK BLOCK,$19.0M,ETF/Fund,ETFs,Miscellaneous," 8,937,482 ",275,N/A
11/15/2019,2:03:06 PM,LQDH," 244,345 ", $94.03 ,4063%,DARK ISO,$22.0M,ETF/Fund,,," 6,014 ",1,N/A
11/15/2019,2:22:50 PM,MBB," 791,581 ", $108.08 ,90%,DARK BLOCK,$85.0M,ETF/Fund,ETFs,Miscellaneous," 882,629 ",181,N/A
11/15/2019,2:33:30 PM,MCHI," 152,181 ", $59.11 ,5%,DARK BLOCK,$8.9M,ETF/Fund,ETFs,Miscellaneous," 3,203,939 ",66,N/A
11/15/2019,4:17:31 PM,MDY," 100,000 ", $364.60 ,11%,DARK BLOCK,$36.0M,ETF/Fund,ETFs,Miscellaneous," 941,729 ",53,N/A
11/15/2019,12:22:15 PM,MINT," 123,383 ", $101.68 ,15%,DARK ISOAA,$12.0M,ETF/Fund,,," 814,450 ",128,N/A
11/15/2019,4:05:35 PM,MINT," 112,241 ", $101.66 ,14%,DARK BLOCK,$11.0M,ETF/Fund,,," 814,450 ",128,N/A
11/15/2019,12:12:24 PM,MUB," 134,968 ", $113.50 ,20%,DARK ISOBBDay,$15.0M,ETF/Fund,ETFs,Miscellaneous," 669,676 ",128,N/A
11/15/2019,4:26:58 PM,NUGT," 400,000 ", $26.88 ,4%,DARK BLOCK,$10.0M,ETF/Fund,ETFs,Miscellaneous," 10,406,087 ",50,N/A
11/15/2019,11:45:26 AM,PCY," 457,031 ", $29.06 ,40%,DARK ISO,$13.0M,ETF/Fund,ETFs,Miscellaneous," 1,139,621 ",121,N/A
11/15/2019,2:41:19 PM,SHV," 110,728 ", $110.59 ,5%,DARK BLOCK,$12.0M,ETF/Fund,ETFs,Miscellaneous," 2,028,719 ",195,N/A
11/15/2019,11:41:19 AM,SHY," 122,866 ", $84.72 ,6%,DARK BLOCK,$10.0M,ETF/Fund,ETFs,Miscellaneous," 1,970,082 ",207,N/A
11/15/2019,2:21:12 PM,SIZE," 129,023 ", $94.58 ,42%,DARK BLOCK,$12.0M,ETF/Fund,ETFs,Miscellaneous," 308,231 ",4,N/A
11/15/2019,4:26:58 PM,SMH," 550,000 ", $134.29 ,14%,DARK BLOCK,$73.0M,ETF/Fund,ETFs,Miscellaneous," 4,033,033 ",10,N/A
11/15/2019,4:26:58 PM,SOXL," 110,000 ", $232.10 ,12%,DARK BLOCK,$25.0M,ETF/Fund,ETFs,Miscellaneous," 894,928 ",3,N/A
11/15/2019,1:33:11 PM,SPHB," 281,449 ", $44.22 ,211%,DARK ISOAA,$12.0M,ETF/Fund,ETFs,Miscellaneous," 133,480 ",2,N/A
11/15/2019,10:17:02 AM,SPHB," 158,722 ", $44.06 ,119%,DARK ISO,$6.9M,ETF/Fund,ETFs,Miscellaneous," 133,480 ",2,N/A
11/15/2019,10:57:47 AM,SPIB," 215,285 ", $35.20 ,17%,DARK ISO,$7.5M,ETF/Fund,ETFs,Miscellaneous," 1,254,606 ",146,N/A
11/15/2019,4:00:49 PM,SPLB," 323,000 ", $29.70 ,102%,DARK BLOCK,$9.5M,ETF/Fund,ETFs,Miscellaneous," 318,038 ",22,N/A
11/15/2019,12:16:19 PM,SPLB," 317,265 ", $29.72 ,100%,DARK BLOCK,$9.4M,ETF/Fund,ETFs,Miscellaneous," 318,038 ",22,N/A
11/15/2019,12:13:36 PM,SPTL," 240,335 ", $39.54 ,27%,DARK BLOCK,$9.5M,ETF/Fund,ETFs,Miscellaneous," 884,458 ",54,N/A
11/15/2019,4:26:58 PM,SPXU," 430,000 ", $22.37 ,9%,DARK BLOCK,$9.6M,ETF/Fund,ETFs,Miscellaneous," 4,715,939 ",27,N/A
11/15/2019,12:53:38 PM,STIP," 137,805 ", $100.27 ,187%,DARK BLOCK,$13.0M,ETF/Fund,ETFs,Miscellaneous," 73,563 ",23,N/A
11/15/2019,1:26:28 PM,SVXY," 770,668 ", $61.38 ,40%,DARK ISOAADay,$47.0M,ETF/Fund,,," 1,933,482 ",4,N/A
11/15/2019,12:49:39 PM,TIP," 112,965 ", $115.87 ,9%,DARK BLOCK,$13.0M,ETF/Fund,ETFs,Miscellaneous," 1,287,721 ",172,N/A
11/15/2019,3:46:03 PM,ULTR," 550,000 ", $50.09 ,2296%,DARK BLOCK,$27.0M,ETF/Fund,,," 23,955 ",0,20160421
11/15/2019,11:44:37 AM,UPRO," 389,040 ", $62.96 ,13%,DARK ISOBB,$24.0M,ETF/Fund,ETFs,Miscellaneous," 2,924,052 ",22,20010122
11/15/2019,12:19:03 PM,USIG," 577,273 ", $57.97 ,95%,DARK BLOCK,$33.0M,ETF/Fund,ETFs,Miscellaneous," 609,127 ",68,N/A
11/15/2019,1:26:20 PM,UVXY," 918,000 ", $16.28 ,7%,DARK ISOBB,$14.0M,ETF/Fund,,," 13,940,822 ",34,N/A
11/15/2019,5:40:21 PM,VCIT," 101,897 ", $91.00 ,6%,DARK BLOCK,$9.2M,ETF/Fund,ETFs,Miscellaneous," 1,784,324 ",274,N/A
11/15/2019,2:29:10 PM,VCSH," 197,900 ", $81.00 ,14%,DARK ISOAA,$16.0M,ETF/Fund,ETFs,Miscellaneous," 1,426,081 ",308,N/A
11/15/2019,2:27:31 PM,VEU," 252,755 ", $52.36 ,11%,DARK BLOCK,$13.0M,ETF/Fund,ETFs,Miscellaneous," 2,310,877 ",477,N/A
11/15/2019,4:26:58 PM,VGK," 280,000 ", $56.44 ,9%,DARK BLOCK,$15.0M,ETF/Fund,ETFs,Miscellaneous," 3,288,359 ",237,N/A
11/15/2019,4:18:16 PM,VO," 200,000 ", $172.85 ,52%,DARK BLOCK,$34.0M,ETF/Fund,ETFs,Miscellaneous," 387,730 ",162,N/A
11/15/2019,10:47:12 AM,VTI," 432,433 ", $158.03 ,20%,DARK ISOAA,$68.0M,ETF/Fund,ETFs,Miscellaneous," 2,171,104 ",809,N/A
11/15/2019,12:15:25 PM,VUG," 137,102 ", $174.98 ,25%,DARK ISOBB,$23.0M,ETF/Fund,ETFs,Miscellaneous," 547,361 ",251,N/A
11/15/2019,9:43:07 AM,VWO," 900,000 ", $42.23 ,8%,DARK BLOCK,$38.0M,ETF/Fund,ETFs,Miscellaneous," 11,536,270 ",1502,N/A
11/15/2019,2:37:31 PM,VWO," 227,481 ", $42.27 ,2%,DARK BLOCK,$9.6M,ETF/Fund,ETFs,Miscellaneous," 11,536,270 ",1502,N/A
